-- 0) 외래키 제약 OFF
SET FOREIGN_KEY_CHECKS = 0;

-- 1) users
INSERT INTO users (
    id, email, password, nickname, name,
    phone_number, account_bank, account_number, image_url,
    type, status, joined_at, modified_at, logout_at, deleted_at
) VALUES (
    1,
    'test@example.com',
    'test1234',
    'testnick',
    '테스트 유저',
    '01012345678',
    '국민은행',
    '12345678901234',
    NULL,
    'USER',
    'ACTIVE',
    '2025-05-01 09:00:00',
    '2025-05-01 09:00:00',
    NULL,
    NULL
);

-- 2) category
INSERT INTO category (id, name) VALUES
  (1, 'moongsanPick');

-- 3) group_buy (40개)
INSERT INTO group_buy (
    id, title, name, description, url,
    price, unit_price, total_amount, host_quantity, left_amount, unit_amount,
    due_soon, badge, due_date, location, pickup_date,
    wish_count, view_count, participant_count, post_status, pickup_change_reason,
    user_id, created_at, modified_at
) VALUES
  ( 1, '뭉산픽 공구 게시글 #1',  '더미 상품 #1',  '설명 #1',  'https://example.com/1',   10000,10000,  50,   1, 49, 10, FALSE, NULL,'2025-06-01 12:00:00','테스트 장소','2025-06-05 12:00:00',0,0,0,'OPEN', NULL,1,'2025-06-05 09:00:00','2025-06-05 09:00:00'),
  ( 2, '뭉산픽 공구 게시글 #2',  '더미 상품 #2',  '설명 #2',  'https://example.com/2',   11000,11000, 60,   2, 58, 10, FALSE, NULL,'2025-06-02 12:00:00','테스트 장소','2025-06-06 12:00:00',0,0,0,'OPEN', NULL,1,'2025-06-04 09:00:00','2025-06-04 09:00:00'),
  ( 3, '뭉산픽 공구 게시글 #3',  '더미 상품 #3',  '설명 #3',  'https://example.com/3',   12000,12000, 70,   3, 67, 10, FALSE, NULL,'2025-06-03 12:00:00','테스트 장소','2025-06-07 12:00:00',0,0,0,'OPEN', NULL,1,'2025-06-03 09:00:00','2025-06-03 09:00:00'),
  ( 4, '뭉산픽 공구 게시글 #4',  '더미 상품 #4',  '설명 #4',  'https://example.com/4',   13000,13000, 80,   4, 76, 10, FALSE, NULL,'2025-06-04 12:00:00','테스트 장소','2025-06-08 12:00:00',0,0,0,'OPEN', NULL,1,'2025-06-02 09:00:00','2025-06-02 09:00:00'),
  ( 5, '뭉산픽 공구 게시글 #5',  '더미 상품 #5',  '설명 #5',  'https://example.com/5',   14000,14000, 90,   5, 85, 10, FALSE, NULL,'2025-06-05 12:00:00','테스트 장소','2025-06-09 12:00:00',0,0,0,'OPEN', NULL,1,'2025-06-01 09:00:00','2025-06-01 09:00:00'),
  ( 6, '뭉산픽 공구 게시글 #6',  '더미 상품 #6',  '설명 #6',  'https://example.com/6',   15000,15000,100,  6, 94, 10, FALSE, NULL,'2025-06-06 12:00:00','테스트 장소','2025-06-10 12:00:00',0,0,0,'OPEN', NULL,1,'2025-05-01 09:00:00','2025-05-31 09:00:00'),
  ( 7, '뭉산픽 공구 게시글 #7',  '더미 상품 #7',  '설명 #7',  'https://example.com/7',   16000,16000,110,  7,103, 10, FALSE, NULL,'2025-06-07 12:00:00','테스트 장소','2025-06-11 12:00:00',0,0,0,'OPEN', NULL,1,'2025-05-30 09:00:00','2025-05-30 09:00:00'),
  ( 8, '더미 공구 게시글 #8',      '더미 상품 #8',  '설명 #8',  'https://example.com/8',   17000,17000,120,  8,112, 10, FALSE, NULL,'2025-06-08 12:00:00','테스트 장소','2025-06-12 12:00:00',0,0,0,'OPEN', NULL,1,'2025-05-29 09:00:00','2025-05-29 09:00:00'),
  ( 9, '더미 공구 게시글 #9',      '더미 상품 #9',  '설명 #9',  'https://example.com/9',   18000,18000,130,  9,121, 10, FALSE, NULL,'2025-06-09 12:00:00','테스트 장소','2025-06-13 12:00:00',0,0,0,'OPEN', NULL,1,'2025-05-28 09:00:00','2025-05-28 09:00:00'),
  (10, '더미 공구 게시글 #10',     '더미 상품 #10','설명 #10','https://example.com/10', 19000,19000,140, 10,130, 10, FALSE, NULL,'2025-06-10 12:00:00','테스트 장소','2025-06-14 12:00:00',0,0,0,'OPEN', NULL,1,'2025-05-27 09:00:00','2025-05-27 09:00:00'),
  (11, '더미 공구 게시글 #11',     '더미 상품 #11','설명 #11','https://example.com/11',20000,20000,150, 11,139, 10, FALSE, NULL,'2025-06-11 12:00:00','테스트 장소','2025-06-15 12:00:00',0,0,0,'OPEN', NULL,1,'2025-05-26 09:00:00','2025-05-26 09:00:00'),
  (12, '더미 공구 게시글 #12',     '더미 상품 #12','설명 #12','https://example.com/12',21000,21000,160, 12,148, 10, FALSE, NULL,'2025-06-12 12:00:00','테스트 장소','2025-06-16 12:00:00',0,0,0,'OPEN', NULL,1,'2025-05-25 09:00:00','2025-05-25 09:00:00'),
  (13, '더미 공구 게시글 #13',     '더미 상품 #13','설명 #13','https://example.com/13',22000,22000,170, 13,157, 10, FALSE, NULL,'2025-06-13 12:00:00','테스트 장소','2025-06-17 12:00:00',0,0,0,'OPEN', NULL,1,'2025-05-24 09:00:00','2025-05-24 09:00:00'),
  (14, '더미 공구 게시글 #14',     '더미 상품 #14','설명 #14','https://example.com/14',23000,23000,180, 14,166, 10, FALSE, NULL,'2025-06-14 12:00:00','테스트 장소','2025-06-18 12:00:00',0,0,0,'OPEN', NULL,1,'2025-05-23 09:00:00','2025-05-23 09:00:00'),
  (15, '더미 공구 게시글 #15',     '더미 상품 #15','설명 #15','https://example.com/15',24000,24000,190, 15,175, 10, FALSE, NULL,'2025-06-15 12:00:00','테스트 장소','2025-06-19 12:00:00',0,0,0,'OPEN', NULL,1,'2025-05-22 09:00:00','2025-05-22 09:00:00'),
  (16, '더미 공구 게시글 #16',     '더미 상품 #16','설명 #16','https://example.com/16',25000,25000,200, 16,184, 10, FALSE, NULL,'2025-06-16 12:00:00','테스트 장소','2025-06-20 12:00:00',0,0,0,'OPEN', NULL,1,'2025-05-21 09:00:00','2025-05-21 09:00:00'),
  (17, '뭉산픽 공구 게시글 #17',    '더미 상품 #17','설명 #17','https://example.com/17',26000,26000,210, 17,193, 10, FALSE, NULL,'2025-06-17 12:00:00','테스트 장소','2025-06-21 12:00:00',0,0,0,'OPEN', NULL,1,'2025-05-20 09:00:00','2025-05-20 09:00:00'),
  (18, '뭉산픽 공구 게시글 #18',    '더미 상품 #18','설명 #18','https://example.com/18',27000,27000,220, 18,202, 10, FALSE, NULL,'2025-06-18 12:00:00','테스트 장소','2025-06-22 12:00:00',0,0,0,'OPEN', NULL,1,'2025-05-19 09:00:00','2025-05-19 09:00:00'),
  (19, '뭉산픽 공구 게시글 #19',    '더미 상품 #19','설명 #19','https://example.com/19',28000,28000,230, 19,211, 10, FALSE, NULL,'2025-06-19 12:00:00','테스트 장소','2025-06-23 12:00:00',0,0,0,'OPEN', NULL,1,'2025-05-18 09:00:00','2025-05-18 09:00:00'),
  (20, '뭉산픽 공구 게시글 #20',    '더미 상품 #20','설명 #20','https://example.com/20',29000,29000,240, 20,220, 10, FALSE, NULL,'2025-06-20 12:00:00','테스트 장소','2025-06-24 12:00:00',0,0,0,'OPEN', NULL,1,'2025-05-17 09:00:00','2025-05-17 09:00:00'),
  (21, '뭉산픽 공구 게시글 #21',    '더미 상품 #21','설명 #21','https://example.com/21',30000,30000,250, 21,229, 10, FALSE, NULL,'2025-06-21 12:00:00','테스트 장소','2025-06-25 12:00:00',0,0,0,'OPEN', NULL,1,'2025-05-16 09:00:00','2025-05-16 09:00:00'),
  (22, '뭉산픽 공구 게시글 #22',    '더미 상품 #22','설명 #22','https://example.com/22',31000,31000,260, 22,238, 10, FALSE, NULL,'2025-06-22 12:00:00','테스트 장소','2025-06-26 12:00:00',0,0,0,'OPEN', NULL,1,'2025-05-15 09:00:00','2025-05-15 09:00:00'),
  (23, '뭉산픽 공구 게시글 #23',    '더미 상품 #23','설명 #23','https://example.com/23',32000,32000,270, 23,247, 10, FALSE, NULL,'2025-06-23 12:00:00','테스트 장소','2025-06-27 12:00:00',0,0,0,'OPEN', NULL,1,'2025-05-14 09:00:00','2025-05-14 09:00:00'),
  (24, '더미 공구 게시글 #24',      '더미 상품 #24','설명 #24','https://example.com/24',33000,33000,280, 24,256, 10, TRUE, NULL,'2025-06-24 12:00:00','테스트 장소','2025-06-28 12:00:00',0,0,0,'OPEN', NULL,1,'2025-05-13 09:00:00','2025-05-13 09:00:00'),
  (25, '더미 공구 게시글 #25',      '더미 상품 #25','설명 #25','https://example.com/25',34000,34000,290, 25,265, 10, TRUE, NULL,'2025-06-25 12:00:00','테스트 장소','2025-06-29 12:00:00',0,0,0,'OPEN', NULL,1,'2025-05-12 09:00:00','2025-05-12 09:00:00'),
  (26, '더미 공구 게시글 #26',      '더미 상품 #26','설명 #26','https://example.com/26',35000,35000,300, 26,274, 10, TRUE, NULL,'2025-06-26 12:00:00','테스트 장소','2025-06-30 12:00:00',0,0,0,'OPEN', NULL,1,'2025-05-11 09:00:00','2025-05-11 09:00:00'),
  (27, '더미 공구 게시글 #27',      '더미 상품 #27','설명 #27','https://example.com/27',36000,36000,310, 27,283, 10, TRUE, NULL,'2025-06-27 12:00:00','테스트 장소','2025-07-01 12:00:00',0,0,0,'OPEN', NULL,1,'2025-05-10 09:00:00','2025-05-10 09:00:00'),
  (28, '더미 공구 게시글 #28',      '더미 상품 #28','설명 #28','https://example.com/28',37000,37000,320, 28,292, 10, TRUE, NULL,'2025-06-28 12:00:00','테스트 장소','2025-07-02 12:00:00',0,0,0,'OPEN', NULL,1,'2025-05-09 09:00:00','2025-05-09 09:00:00'),
  (29, '더미 공구 게시글 #29',      '더미 상품 #29','설명 #29','https://example.com/29',38000,38000,330, 29,301, 10, FALSE, NULL,'2025-06-29 12:00:00','테스트 장소','2025-07-03 12:00:00',0,0,0,'OPEN', NULL,1,'2025-05-08 09:00:00','2025-05-08 09:00:00'),
  (30, '더미 공구 게시글 #30',      '더미 상품 #30','설명 #30','https://example.com/30',39000,39000,340, 30,310, 10, FALSE, NULL,'2025-06-30 12:00:00','테스트 장소','2025-07-04 12:00:00',0,0,0,'OPEN', NULL,1,'2025-05-07 09:00:00','2025-05-07 09:00:00'),
  (31, '더미 공구 게시글 #31',      '더미 상품 #31','설명 #31','https://example.com/31',40000,40000,350, 31,319, 10, FALSE, NULL,'2025-07-01 12:00:00','테스트 장소','2025-07-05 12:00:00',0,0,0,'OPEN', NULL,1,'2025-05-06 09:00:00','2025-05-06 09:00:00'),
  (32, '더미 공구 게시글 #32',      '더미 상품 #32','설명 #32','https://example.com/32',41000,41000,360, 32,328, 10, FALSE, NULL,'2025-07-02 12:00:00','테스트 장소','2025-07-06 12:00:00',0,0,0,'OPEN', NULL,1,'2025-05-05 09:00:00','2025-05-05 09:00:00'),
  (33, '더미 공구 게시글 #33',      '더미 상품 #33','설명 #33','https://example.com/33',42000,42000,370, 33,337, 10, FALSE, NULL,'2025-07-03 12:00:00','테스트 장소','2025-07-07 12:00:00',0,0,0,'OPEN', NULL,1,'2025-05-04 09:00:00','2025-05-04 09:00:00'),
  (34, '더미 공구 게시글 #34',      '더미 상품 #34','설명 #34','https://example.com/34',43000,43000,380, 34,346, 10, FALSE, NULL,'2025-07-04 12:00:00','테스트 장소','2025-07-08 12:00:00',0,0,0,'OPEN', NULL,1,'2025-05-03 09:00:00','2025-05-03 09:00:00'),
  (35, '더미 공구 게시글 #35',      '더미 상품 #35','설명 #35','https://example.com/35',44000,44000,390, 35,355, 10, FALSE, NULL,'2025-07-05 12:00:00','테스트 장소','2025-07-09 12:00:00',0,0,0,'OPEN', NULL,1,'2025-05-02 10:00:00','2025-05-02 10:00:00'),
  (36, '더미 공구 게시글 #36',      '더미 상품 #36','설명 #36','https://example.com/36',45000,45000,400, 36,364, 10, FALSE, NULL,'2025-07-06 12:00:00','테스트 장소','2025-07-10 12:00:00',0,0,0,'OPEN', NULL,1,'2025-05-02 09:00:00','2025-05-02 09:00:00'),
  (37, '더미 공구 게시글 #37',      '더미 상품 #37','설명 #37','https://example.com/37',46000,46000,410, 37,373, 10, FALSE, NULL,'2025-07-07 12:00:00','테스트 장소','2025-07-11 12:00:00',0,0,0,'OPEN', NULL,1,'2025-05-01 16:00:00','2025-05-01 16:00:00'),
  (38, '더미 공구 게시글 #38',      '더미 상품 #38','설명 #38','https://example.com/38',47000,47000,420, 38,382, 10, FALSE, NULL,'2025-07-08 12:00:00','테스트 장소','2025-07-12 12:00:00',0,0,0,'OPEN', NULL,1,'2025-05-01 14:00:00','2025-05-01 14:00:00'),
  (39, '더미 공구 게시글 #39',      '더미 상품 #39','설명 #39','https://example.com/39',48000,48000,430, 39,391, 10, FALSE, NULL,'2025-07-09 12:00:00','테스트 장소','2025-07-13 12:00:00',0,0,0,'OPEN', NULL,1,'2025-05-01 13:00:00','2025-05-01 13:00:00'),
  (40, '더미 공구 게시글 #40',      '더미 상품 #40','설명 #40','https://example.com/40',49000,49000,440, 40,400, 10, FALSE, NULL,'2025-05-03 12:00:00','테스트 장소','2025-05-03 12:00:00',0,0,0,'CLOSED',NULL,2,'2025-05-01 09:00:00','2025-05-01 09:00:00')
;

-- 4) image (대표 썸네일만 1~40)
INSERT INTO image (
    id, image_url, image_url_resized, image_seq_no, thumbnail, group_buy_id
) VALUES
  ( 1,'/uploads/4748bfa5-4fe7-462b-a4e0-0380efd6713a.png',  NULL, 0, TRUE,  1),
  ( 2,'/uploads/82aacffc-00a1-4f4e-8b77-38e5568e894d.png',  NULL, 0, TRUE,  2),
  ( 3,'/uploads/82aacffc-00a1-4f4e-8b77-38e5568e894d.png',  NULL, 0, TRUE,  3),
  ( 4,'/uploads/82aacffc-00a1-4f4e-8b77-38e5568e894d.png',  NULL, 0, TRUE,  4),
  ( 5,'/uploads/82aacffc-00a1-4f4e-8b77-38e5568e894d.png',  NULL, 0, TRUE,  5),
  ( 6,'/uploads/82aacffc-00a1-4f4e-8b77-38e5568e894d.png',  NULL, 0, TRUE,  6),
  ( 7,'/uploads/82aacffc-00a1-4f4e-8b77-38e5568e894d.png',  NULL, 0, TRUE,  7),
  ( 8,'/uploads/82aacffc-00a1-4f4e-8b77-38e5568e894d.png',  NULL, 0, TRUE,  8),
  ( 9,'/uploads/82aacffc-00a1-4f4e-8b77-38e5568e894d.png',  NULL, 0, TRUE,  9),
  (10,'/uploads/82aacffc-00a1-4f4e-8b77-38e5568e894d.png',  NULL, 0, TRUE, 10),
  (11,'/uploads/82aacffc-00a1-4f4e-8b77-38e5568e894d.png',  NULL, 0, TRUE, 11),
  (12,'/uploads/82aacffc-00a1-4f4e-8b77-38e5568e894d.png',  NULL, 0, TRUE, 12),
  (13,'/uploads/82aacffc-00a1-4f4e-8b77-38e5568e894d.png',  NULL, 0, TRUE, 13),
  (14,'/uploads/82aacffc-00a1-4f4e-8b77-38e5568e894d.png',  NULL, 0, TRUE, 14),
  (15,'/uploads/82aacffc-00a1-4f4e-8b77-38e5568e894d.png',  NULL, 0, TRUE, 15),
  (16,'/uploads/82aacffc-00a1-4f4e-8b77-38e5568e894d.png',  NULL, 0, TRUE, 16),
  (17,'/uploads/82aacffc-00a1-4f4e-8b77-38e5568e894d.png',  NULL, 0, TRUE, 17),
  (18,'/uploads/82aacffc-00a1-4f4e-8b77-38e5568e894d.png',  NULL, 0, TRUE, 18),
  (19,'/uploads/82aacffc-00a1-4f4e-8b77-38e5568e894d.png',  NULL, 0, TRUE, 19),
  (20,'/uploads/82aacffc-00a1-4f4e-8b77-38e5568e894d.png',  NULL, 0, TRUE, 20),
  (21,'/uploads/82aacffc-00a1-4f4e-8b77-38e5568e894d.png',  NULL, 0, TRUE, 21),
  (22,'/uploads/82aacffc-00a1-4f4e-8b77-38e5568e894d.png',  NULL, 0, TRUE, 22),
  (23,'/uploads/82aacffc-00a1-4f4e-8b77-38e5568e894d.png',  NULL, 0, TRUE, 23),
  (24,'/uploads/82aacffc-00a1-4f4e-8b77-38e5568e894d.png',  NULL, 0, TRUE, 24),
  (25,'/uploads/82aacffc-00a1-4f4e-8b77-38e5568e894d.png',  NULL, 0, TRUE, 25),
  (26,'/uploads/82aacffc-00a1-4f4e-8b77-38e5568e894d.png',  NULL, 0, TRUE, 26),
  (27,'/uploads/82aacffc-00a1-4f4e-8b77-38e5568e894d.png',  NULL, 0, TRUE, 27),
  (28,'/uploads/82aacffc-00a1-4f4e-8b77-38e5568e894d.png',  NULL, 0, TRUE, 28),
  (29,'/uploads/82aacffc-00a1-4f4e-8b77-38e5568e894d.png',  NULL, 0, TRUE, 29),
  (30,'/uploads/82aacffc-00a1-4f4e-8b77-38e5568e894d.png',  NULL, 0, TRUE, 30),
  (31,'/uploads/82aacffc-00a1-4f4e-8b77-38e5568e894d.png',  NULL, 0, TRUE, 31),
  (32,'/uploads/82aacffc-00a1-4f4e-8b77-38e5568e894d.png',  NULL, 0, TRUE, 32),
  (33,'/uploads/82aacffc-00a1-4f4e-8b77-38e5568e894d.png',  NULL, 0, TRUE, 33),
  (34,'/uploads/82aacffc-00a1-4f4e-8b77-38e5568e894d.png',  NULL, 0, TRUE, 34),
  (35,'/uploads/82aacffc-00a1-4f4e-8b77-38e5568e894d.png',  NULL, 0, TRUE, 35),
  (36,'/uploads/82aacffc-00a1-4f4e-8b77-38e5568e894d.png',  NULL, 0, TRUE, 36),
  (37,'/uploads/82aacffc-00a1-4f4e-8b77-38e5568e894d.png',  NULL, 0, TRUE, 37),
  (38,'/uploads/82aacffc-00a1-4f4e-8b77-38e5568e894d.png',  NULL, 0, TRUE, 38),
  (39,'/uploads/82aacffc-00a1-4f4e-8b77-38e5568e894d.png',  NULL, 0, TRUE, 39),
  (40,'/uploads/82aacffc-00a1-4f4e-8b77-38e5568e894d.png',  NULL, 0, TRUE, 40);


-- 5) group_buy_category (1~14만 moongsanPick)
INSERT INTO group_buy_category (
    id, group_buy_id, category_id
) VALUES
  ( 1,  1, 1),( 2,  2, 1),( 3,  3, 1),( 4,  4, 1),
  ( 5,  5, 1),( 6,  6, 1),( 7,  7, 1),( 8, 17, 1),
  ( 9, 18, 1),(10, 19, 1),(11, 20, 1),(12, 21, 1),
  (13, 22, 1),(14, 23, 1);

-- 6) orders
INSERT INTO orders (
    id, user_id, post_id, status, price, quantity, name, deleted_count, created_at, deleted_at
) VALUES (
    1, 1, 40, 'PAID', 2000, 8, '박지은', 0, '2025-05-04 13:00:00', NULL
);

-- 7) 외래키 제약 ON
SET FOREIGN_KEY_CHECKS = 1;
