-- 0) 외래키 제약 OFF
SET FOREIGN_KEY_CHECKS = 0;

-- 1) users
INSERT INTO users (
    id, email, password, nickname, name,
    phone_number, account_bank, account_number, image_url,
    type, status, joined_at, modified_at, logout_at, deleted_at
) VALUES (
    1,
    'test@example.com',
    'test1234',
    'testnick',
    '테스트 유저',
    '01012345678',
    '국민은행',
    '12345678901234',
    NULL,
    'USER',
    'ACTIVE',
    '2025-05-01 09:00:00',
    '2025-05-01 09:00:00',
    NULL,
    NULL
);

-- 2) category
INSERT INTO category (id, name) VALUES
  (1, 'moongsanPick');

-- 3) group_buy (40개)
INSERT INTO group_buy (
    id, title, name, description, url,
    price, unit_price, total_amount, left_amount, unit_amount,
    due_soon, badge,
    due_date, location, pickup_date,
    wish_count, view_count, participant_count, post_status, pickup_change_reason,
    user_id,
    created_at, modified_at
) VALUES
  ( 1, '뭉산픽 공구 게시글 #1',  '더미 상품 #1',  '설명 #1',  'https://example.com/1',   10000, 10000,  50,  50,  1, FALSE, NULL, '2025-06-01 12:00:00', '테스트 장소', '2025-06-05 12:00:00', 0,0,0,'OPEN',NULL,1,'2025-06-05 09:00:00','2025-06-05 09:00:00'),
  ( 2, '뭉산픽 공구 게시글 #2',  '더미 상품 #2',  '설명 #2',  'https://example.com/2',   11000, 11000,  60,  60,  2, FALSE, NULL, '2025-06-02 12:00:00', '테스트 장소', '2025-06-06 12:00:00', 0,0,0,'OPEN',NULL,1,'2025-06-04 09:00:00','2025-06-04 09:00:00'),
  ( 3, '뭉산픽 공구 게시글 #3',  '더미 상품 #3',  '설명 #3',  'https://example.com/3',   12000, 12000,  70,  70,  3, FALSE, NULL, '2025-06-03 12:00:00', '테스트 장소', '2025-06-07 12:00:00', 0,0,0,'OPEN',NULL,1,'2025-06-03 09:00:00','2025-06-03 09:00:00'),
  ( 4, '뭉산픽 공구 게시글 #4',  '더미 상품 #4',  '설명 #4',  'https://example.com/4',   13000, 13000,  80,  80,  4, FALSE, NULL, '2025-06-04 12:00:00', '테스트 장소', '2025-06-08 12:00:00', 0,0,0,'OPEN',NULL,1,'2025-06-02 09:00:00','2025-06-02 09:00:00'),
  ( 5, '뭉산픽 공구 게시글 #5',  '더미 상품 #5',  '설명 #5',  'https://example.com/5',   14000, 14000,  90,  90,  5, FALSE, NULL, '2025-06-05 12:00:00', '테스트 장소', '2025-06-09 12:00:00', 0,0,0,'OPEN',NULL,1,'2025-06-01 09:00:00','2025-06-01 09:00:00'),
  ( 6, '뭉산픽 공구 게시글 #6',  '더미 상품 #6',  '설명 #6',  'https://example.com/6',   15000, 15000, 100, 100,  6, FALSE, NULL, '2025-06-06 12:00:00', '테스트 장소', '2025-06-10 12:00:00', 0,0,0,'OPEN',NULL,1,'2025-05-01 09:00:00','2025-05-31 09:00:00'),
  ( 7, '뭉산픽 공구 게시글 #7',  '더미 상품 #7',  '설명 #7',  'https://example.com/7',   16000, 16000, 110, 110,  7, FALSE, NULL, '2025-06-07 12:00:00', '테스트 장소', '2025-06-11 12:00:00', 0,0,0,'OPEN',NULL,1,'2025-05-30 09:00:00','2025-05-30 09:00:00'),
  ( 8, '더미 공구 게시글 #8',  '더미 상품 #8',  '설명 #8',  'https://example.com/8',   17000, 17000, 120, 120,  8, FALSE, NULL, '2025-06-08 12:00:00', '테스트 장소', '2025-06-12 12:00:00', 0,0,0,'OPEN',NULL,1,'2025-05-29 09:00:00','2025-05-29 09:00:00'),
  ( 9, '더미 공구 게시글 #9',  '더미 상품 #9',  '설명 #9',  'https://example.com/9',   18000, 18000, 130, 130,  9, FALSE, NULL, '2025-06-09 12:00:00', '테스트 장소', '2025-06-13 12:00:00', 0,0,0,'OPEN',NULL,1,'2025-05-28 09:00:00','2025-05-28 09:00:00'),
  (10, '더미 공구 게시글 #10', '더미 상품 #10','설명 #10','https://example.com/10', 19000, 19000, 140, 140, 10, FALSE, NULL, '2025-06-10 12:00:00','테스트 장소','2025-06-14 12:00:00',0,0,0,'OPEN',NULL,1,'2025-05-27 09:00:00','2025-05-27 09:00:00'),
  (11, '더미 공구 게시글 #11', '더미 상품 #11','설명 #11','https://example.com/11',20000, 20000, 150, 150, 11, FALSE, NULL, '2025-06-11 12:00:00','테스트 장소','2025-06-15 12:00:00',0,0,0,'OPEN',NULL,1,'2025-05-26 09:00:00','2025-05-26 09:00:00'),
  (12, '더미 공구 게시글 #12', '더미 상품 #12','설명 #12','https://example.com/12',21000, 21000, 160, 160, 12, FALSE, NULL, '2025-06-12 12:00:00','테스트 장소','2025-06-16 12:00:00',0,0,0,'OPEN',NULL,1,'2025-05-25 09:00:00','2025-05-25 09:00:00'),
  (13, '더미 공구 게시글 #13', '더미 상품 #13','설명 #13','https://example.com/13',22000, 22000, 170, 170, 13, FALSE, NULL, '2025-06-13 12:00:00','테스트 장소','2025-06-17 12:00:00',0,0,0,'OPEN',NULL,1,'2025-05-24 09:00:00','2025-05-24 09:00:00'),
  (14, '더미 공구 게시글 #14', '더미 상품 #14','설명 #14','https://example.com/14',23000, 23000, 180, 180, 14, FALSE, NULL, '2025-06-14 12:00:00','테스트 장소','2025-06-18 12:00:00',0,0,0,'OPEN',NULL,1,'2025-05-23 09:00:00','2025-05-23 09:00:00'),
  (15, '더미 공구 게시글 #15', '더미 상품 #15','설명 #15','https://example.com/15',24000, 24000, 190, 190, 15, FALSE, NULL, '2025-06-15 12:00:00','테스트 장소','2025-06-19 12:00:00',0,0,0,'OPEN',NULL,1,'2025-05-22 09:00:00','2025-05-22 09:00:00'),
  (16, '더미 공구 게시글 #16', '더미 상품 #16','설명 #16','https://example.com/16',25000, 25000, 200, 200, 16, FALSE, NULL, '2025-06-16 12:00:00','테스트 장소','2025-06-20 12:00:00',0,0,0,'OPEN',NULL,1,'2025-05-21 09:00:00','2025-05-21 09:00:00'),
  (17, '뭉산픽 공구 게시글 #17', '더미 상품 #17','설명 #17','https://example.com/17',26000, 26000, 210, 210, 17, FALSE, NULL, '2025-06-17 12:00:00','테스트 장소','2025-06-21 12:00:00',0,0,0,'OPEN',NULL,1,'2025-05-20 09:00:00','2025-05-20 09:00:00'),
  (18, '뭉산픽 공구 게시글 #18', '더미 상품 #18','설명 #18','https://example.com/18',27000, 27000, 220, 220, 18, FALSE, NULL, '2025-06-18 12:00:00','테스트 장소','2025-06-22 12:00:00',0,0,0,'OPEN',NULL,1,'2025-05-19 09:00:00','2025-05-19 09:00:00'),
  (19, '뭉산픽 공구 게시글 #19', '더미 상품 #19','설명 #19','https://example.com/19',28000, 28000, 230, 230, 19, FALSE, NULL, '2025-06-19 12:00:00','테스트 장소','2025-06-23 12:00:00',0,0,0,'OPEN',NULL,1,'2025-05-18 09:00:00','2025-05-18 09:00:00'),
  (20, '뭉산픽 공구 게시글 #20', '더미 상품 #20','설명 #20','https://example.com/20',29000, 29000, 240, 240, 20, FALSE, NULL, '2025-06-20 12:00:00','테스트 장소','2025-06-24 12:00:00',0,0,0,'OPEN',NULL,1,'2025-05-17 09:00:00','2025-05-17 09:00:00'),
  (21, '뭉산픽 공구 게시글 #21', '더미 상품 #21','설명 #21','https://example.com/21',30000, 30000, 250, 250, 21, FALSE, NULL, '2025-06-21 12:00:00','테스트 장소','2025-06-25 12:00:00',0,0,0,'OPEN',NULL,1,'2025-05-16 09:00:00','2025-05-16 09:00:00'),
  (22, '뭉산픽 공구 게시글 #22', '더미 상품 #22','설명 #22','https://example.com/22',31000, 31000, 260, 260, 22, FALSE, NULL, '2025-06-22 12:00:00','테스트 장소','2025-06-26 12:00:00',0,0,0,'OPEN',NULL,1,'2025-05-15 09:00:00','2025-05-15 09:00:00'),
  (23, '뭉산픽 공구 게시글 #23', '더미 상품 #23','설명 #23','https://example.com/23',32000, 32000, 270, 270, 23, FALSE, NULL, '2025-06-23 12:00:00','테스트 장소','2025-06-27 12:00:00',0,0,0,'OPEN',NULL,1,'2025-05-14 09:00:00','2025-05-14 09:00:00'),
  (24, '더미 공구 게시글 #24', '더미 상품 #24','설명 #24','https://example.com/24',33000, 33000, 280, 280, 24, FALSE, NULL, '2025-06-24 12:00:00','테스트 장소','2025-06-28 12:00:00',0,0,0,'OPEN',NULL,1,'2025-05-13 09:00:00','2025-05-13 09:00:00'),
  (25, '더미 공구 게시글 #25', '더미 상품 #25','설명 #25','https://example.com/25',34000, 34000, 290, 290, 25, FALSE, NULL, '2025-06-25 12:00:00','테스트 장소','2025-06-29 12:00:00',0,0,0,'OPEN',NULL,1,'2025-05-12 09:00:00','2025-05-12 09:00:00'),
  (26, '더미 공구 게시글 #26', '더미 상품 #26','설명 #26','https://example.com/26',35000, 35000, 300, 300, 26, FALSE, NULL, '2025-06-26 12:00:00','테스트 장소','2025-06-30 12:00:00',0,0,0,'OPEN',NULL,1,'2025-05-11 09:00:00','2025-05-11 09:00:00'),
  (27, '더미 공구 게시글 #27', '더미 상품 #27','설명 #27','https://example.com/27',36000, 36000, 310, 310, 27, FALSE, NULL, '2025-06-27 12:00:00','테스트 장소','2025-07-01 12:00:00',0,0,0,'OPEN',NULL,1,'2025-05-10 09:00:00','2025-05-10 09:00:00'),
  (28, '더미 공구 게시글 #28', '더미 상품 #28','설명 #28','https://example.com/28',37000, 37000, 320, 320, 28, FALSE, NULL, '2025-06-28 12:00:00','테스트 장소','2025-07-02 12:00:00',0,0,0,'OPEN',NULL,1,'2025-05-09 09:00:00','2025-05-09 09:00:00'),
  (29, '더미 공구 게시글 #29', '더미 상품 #29','설명 #29','https://example.com/29',38000, 38000, 330, 330, 29, FALSE, NULL, '2025-06-29 12:00:00','테스트 장소','2025-07-03 12:00:00',0,0,0,'OPEN',NULL,1,'2025-05-08 09:00:00','2025-05-08 09:00:00'),
  (30, '더미 공구 게시글 #30', '더미 상품 #30','설명 #30','https://example.com/30',39000, 39000, 340, 340, 30, FALSE, NULL, '2025-06-30 12:00:00','테스트 장소','2025-07-04 12:00:00',0,0,0,'OPEN',NULL,1,'2025-05-07 09:00:00','2025-05-07 09:00:00'),
  (31, '더미 공구 게시글 #31', '더미 상품 #31','설명 #31','https://example.com/31',40000, 40000, 350, 350, 31, FALSE, NULL, '2025-07-01 12:00:00','테스트 장소','2025-07-05 12:00:00',0,0,0,'OPEN',NULL,1,'2025-05-06 09:00:00','2025-05-06 09:00:00'),
  (32, '더미 공구 게시글 #32', '더미 상품 #32','설명 #32','https://example.com/32',41000, 41000, 360, 360, 32, FALSE, NULL, '2025-07-02 12:00:00','테스트 장소','2025-07-06 12:00:00',0,0,0,'OPEN',NULL,1,'2025-05-05 09:00:00','2025-05-05 09:00:00'),
  (33, '더미 공구 게시글 #33', '더미 상품 #33','설명 #33','https://example.com/33',42000, 42000, 370, 370, 33, FALSE, NULL, '2025-07-03 12:00:00','테스트 장소','2025-07-07 12:00:00',0,0,0,'OPEN',NULL,1,'2025-05-04 09:00:00','2025-05-04 09:00:00'),
  (34, '더미 공구 게시글 #34', '더미 상품 #34','설명 #34','https://example.com/34',43000, 43000, 380, 380, 34, FALSE, NULL, '2025-07-04 12:00:00','테스트 장소','2025-07-08 12:00:00',0,0,0,'OPEN',NULL,1,'2025-05-03 09:00:00','2025-05-03 09:00:00'),
  (35, '더미 공구 게시글 #35', '더미 상품 #35','설명 #35','https://example.com/35',44000, 44000, 390, 390, 35, FALSE, NULL, '2025-07-05 12:00:00','테스트 장소','2025-07-09 12:00:00',0,0,0,'OPEN',NULL,1,'2025-05-02 10:00:00','2025-05-02 10:00:00'),
  (36, '더미 공구 게시글 #36', '더미 상품 #36','설명 #36','https://example.com/36',45000, 45000, 400, 400, 36, FALSE, NULL, '2025-07-06 12:00:00','테스트 장소','2025-07-10 12:00:00',0,0,0,'OPEN',NULL,1,'2025-05-02 09:00:00','2025-05-02 09:00:00'),
  (37, '더미 공구 게시글 #37', '더미 상품 #37','설명 #37','https://example.com/37',46000, 46000, 410, 410, 37, FALSE, NULL, '2025-07-07 12:00:00','테스트 장소','2025-07-11 12:00:00',0,0,0,'OPEN',NULL,1,'2025-05-01 16:00:00','2025-05-01 16:00:00'),
  (38, '더미 공구 게시글 #38', '더미 상품 #38','설명 #38','https://example.com/38',47000, 47000, 420, 420, 38, FALSE, NULL, '2025-07-08 12:00:00','테스트 장소','2025-07-12 12:00:00',0,0,0,'OPEN',NULL,1,'2025-05-01 14:00:00','2025-05-01 14:00:00'),
  (39, '더미 공구 게시글 #39', '더미 상품 #39','설명 #39','https://example.com/39',48000, 48000, 430, 430, 39, FALSE, NULL, '2025-07-09 12:00:00','테스트 장소','2025-07-13 12:00:00',0,0,0,'OPEN',NULL,1,'2025-05-01 13:00:00','2025-05-01 13:00:00'),
  (40, '더미 공구 게시글 #40', '더미 상품 #40','설명 #40','https://example.com/40',49000, 49000, 440, 440, 40, FALSE, NULL, '2025-07-10 12:00:00','테스트 장소','2025-07-14 12:00:00',0,0,0,'OPEN',NULL,1,'2025-05-01 09:00:00','2025-05-01 09:00:00')
;

-- 4) image (대표 썸네일만 1~40)
INSERT INTO image (
    id, image_url, image_url_resized, image_seq_no, thumbnail, group_buy_id
) VALUES
  ( 1,'https://example.com/images/1.jpg',  NULL, 0, TRUE,  1),
  ( 2,'https://example.com/images/2.jpg',  NULL, 0, TRUE,  2),
  ( 3,'https://example.com/images/3.jpg',  NULL, 0, TRUE,  3),
  ( 4,'https://example.com/images/4.jpg',  NULL, 0, TRUE,  4),
  ( 5,'https://example.com/images/5.jpg',  NULL, 0, TRUE,  5),
  ( 6,'https://example.com/images/6.jpg',  NULL, 0, TRUE,  6),
  ( 7,'https://example.com/images/7.jpg',  NULL, 0, TRUE,  7),
  ( 8,'https://example.com/images/8.jpg',  NULL, 0, TRUE,  8),
  ( 9,'https://example.com/images/9.jpg',  NULL, 0, TRUE,  9),
  (10,'https://example.com/images/10.jpg', NULL, 0, TRUE, 10),
  (11,'https://example.com/images/11.jpg', NULL, 0, TRUE, 11),
  (12,'https://example.com/images/12.jpg', NULL, 0, TRUE, 12),
  (13,'https://example.com/images/13.jpg', NULL, 0, TRUE, 13),
  (14,'https://example.com/images/14.jpg', NULL, 0, TRUE, 14),
  (15,'https://example.com/images/15.jpg', NULL, 0, TRUE, 15),
  (16,'https://example.com/images/16.jpg', NULL, 0, TRUE, 16),
  (17,'https://example.com/images/17.jpg', NULL, 0, TRUE, 17),
  (18,'https://example.com/images/18.jpg', NULL, 0, TRUE, 18),
  (19,'https://example.com/images/19.jpg', NULL, 0, TRUE, 19),
  (20,'https://example.com/images/20.jpg', NULL, 0, TRUE, 20),
  (21,'https://example.com/images/21.jpg', NULL, 0, TRUE, 21),
  (22,'https://example.com/images/22.jpg', NULL, 0, TRUE, 22),
  (23,'https://example.com/images/23.jpg', NULL, 0, TRUE, 23),
  (24,'https://example.com/images/24.jpg', NULL, 0, TRUE, 24),
  (25,'https://example.com/images/25.jpg', NULL, 0, TRUE, 25),
  (26,'https://example.com/images/26.jpg', NULL, 0, TRUE, 26),
  (27,'https://example.com/images/27.jpg', NULL, 0, TRUE, 27),
  (28,'https://example.com/images/28.jpg', NULL, 0, TRUE, 28),
  (29,'https://example.com/images/29.jpg', NULL, 0, TRUE, 29),
  (30,'https://example.com/images/30.jpg', NULL, 0, TRUE, 30),
  (31,'https://example.com/images/31.jpg', NULL, 0, TRUE, 31),
  (32,'https://example.com/images/32.jpg', NULL, 0, TRUE, 32),
  (33,'https://example.com/images/33.jpg', NULL, 0, TRUE, 33),
  (34,'https://example.com/images/34.jpg', NULL, 0, TRUE, 34),
  (35,'https://example.com/images/35.jpg', NULL, 0, TRUE, 35),
  (36,'https://example.com/images/36.jpg', NULL, 0, TRUE, 36),
  (37,'https://example.com/images/37.jpg', NULL, 0, TRUE, 37),
  (38,'https://example.com/images/38.jpg', NULL, 0, TRUE, 38),
  (39,'https://example.com/images/39.jpg', NULL, 0, TRUE, 39),
  (40,'https://example.com/images/40.jpg', NULL, 0, TRUE, 40)
;

-- 5) group_buy_category (1~20번 게시글만 뭉산 PICK)
INSERT INTO group_buy_category (
    id, group_buy_id, category_id
) VALUES
  ( 1,  1, 1),
  ( 2,  2, 1),
  ( 3,  3, 1),
  ( 4,  4, 1),
  ( 5,  5, 1),
  ( 6,  6, 1),
  ( 7,  7, 1),
  ( 8,  17, 1),
  ( 9,  18, 1),
  ( 10,  19, 1),
  ( 11,  20, 1),
  ( 12,  21, 1),
  ( 13,  22, 1),
  ( 14,  23, 1)
;

INSERT INTO orders (
    id,
    user_id,
    post_id,
    status,
    confirmation_status,
    quantity,
    name,
    deleted_count,
    created_at,
    deleted_at
) VALUES (
    1,                  -- PK
    2,                  -- 유저 아이디
    4,                  -- 공구(post) 아이디
    'PENDING',          -- 주문 상태 (기본값)
    'UNCONFIRMED',      -- 확인 상태 (기본값)
    8,                  -- 구매 개수
    '박지은',             -- 실명
    0,                  -- deleted_count (기본값)
    '2025-06-05 11:00:00',  -- 생성 시각
    NULL                -- 삭제 시각 (아직 삭제되지 않음)
);


-- 6) 외래키 제약 ON
SET FOREIGN_KEY_CHECKS = 1;
