-- 0) 외래키 제약 OFF
SET FOREIGN_KEY_CHECKS = 0;

-- 1) users
INSERT INTO users (
    id, email, password, nickname, name,
    phone_number, account_bank, account_number, image_url,
    type, status, joined_at, modified_at, logout_at, deleted_at
) VALUES (
    1,
    'test@example.com',
    'test1234',
    'testnick',
    '테스트 유저',
    '01012345678',
    '국민은행',
    '12345678901234',
    NULL,
    'USER',
    'ACTIVE',
    '2025-05-01 09:00:00',
    '2025-05-01 09:00:00',
    NULL,
    NULL
);

-- 2) category
INSERT INTO category (id, name) VALUES
  (1, 'moongsanPick');

-- 3) group_buy (40개)
INSERT INTO group_buy (
    id, title, name, description, url,
    price, unit_price, total_amount, host_quantity, left_amount, unit_amount,
    due_soon, badge, due_date, location, pickup_date,
    wish_count, view_count, participant_count, post_status, pickup_change_reason,
    user_id, created_at, modified_at
) VALUES
  ( 1, '🎉 신상 공구 런칭 #1',  '더미 상품 #1',
    '🎁 인기 상품을 함께 구매하고 추가 할인 혜택을 받아보세요. 놓치지 마세요! 👍',
    'https://example.com/1',   10000,10000,  50,   1, 49, 10, FALSE, NULL,
    '2025-06-01 12:00:00','테스트 장소','2025-06-05 12:00:00',0,0,0,'OPEN', NULL,
    1,'2025-03-27 00:00:00','2025-06-05 09:00:00'),
  ( 2, '🔥 한정 공구 오픈 #2',  '더미 상품 #2',
    '✨ 소량 한정 판매! 친구들과 같이 모여 더 큰 혜택을 누려보세요. 지금 바로 참여하세요! 🏃‍♂️',
    'https://example.com/2',   11000,11000,  60,   2, 58, 10, FALSE, NULL,
    '2025-06-02 12:00:00','테스트 장소','2025-06-06 12:00:00',0,0,0,'OPEN', NULL,
    1,'2025-04-18 00:00:00','2025-06-04 09:00:00'),
  ( 3, '💎 프리미엄 공구 #3',   '더미 상품 #3',
    '💝 고급 상품을 합리적인 가격에! 함께 모아 더 큰 만족을 경험해 보세요. 😉',
    'https://example.com/3',   12000,12000,  70,   3, 67, 10, FALSE, NULL,
    '2025-06-03 12:00:00','테스트 장소','2025-06-07 12:00:00',0,0,0,'OPEN', NULL,
    1,'2025-03-03 00:00:00','2025-06-03 09:00:00'),
  ( 4, '🛒 베스트셀러 공구 #4','더미 상품 #4',
    '📈 판매 1위 상품! 공동구매로 더 저렴하게 만나보세요. 친구 소환도 잊지 마세요! 📣',
    'https://example.com/4',   13000,13000,  80,   4, 76, 10, FALSE, NULL,
    '2025-06-04 12:00:00','테스트 장소','2025-06-08 12:00:00',0,0,0,'OPEN', NULL,
    1,'2025-04-26 00:00:00','2025-06-02 09:00:00'),
  ( 5, '🌟 한정수량 공구 #5',  '더미 상품 #5',
    '⏰ 시간 제한! 지금 참여해야 득템 찬스를 놓치지 않아요. 얼른 모여주세요! ⏳',
    'https://example.com/5',   14000,14000,  90,   5, 85, 10, FALSE, NULL,
    '2025-06-05 12:00:00','테스트 장소','2025-06-09 12:00:00',0,0,0,'OPEN', NULL,
    1,'2025-03-24 00:00:00','2025-06-01 09:00:00'),
  ( 6, '💡 신박한 공구 #6',  '더미 상품 #6',
    '⭐️ 새로운 감성을 담은 상품! 공동구매로 더 큰 즐거움을 느껴보세요. 😍',
    'https://example.com/6',   15000,15000, 100,   6, 94, 10, FALSE, NULL,
    '2025-06-06 12:00:00','테스트 장소','2025-06-10 12:00:00',0,0,0,'OPEN', NULL,
    1,'2025-04-14 00:00:00','2025-05-31 09:00:00'),
  ( 7, '🎯 할인 타겟 공구 #7','더미 상품 #7',
    '💥 목표 인원 달성 시 추가 10% 할인! 함께 참여하고 알뜰 쇼핑을 즐기세요. 🎊',
    'https://example.com/7',   16000,16000, 110,   7,103, 10, FALSE, NULL,
    '2025-06-07 12:00:00','테스트 장소','2025-06-11 12:00:00',0,0,0,'OPEN', NULL,
    1,'2025-04-03 00:00:00','2025-05-30 09:00:00'),
  ( 8, '🍀 행운 랜덤 공구 #8', '더미 상품 #8',
    '🎲 랜덤 특가! 운 좋은 참여자에게 깜짝 쿠폰을 드립니다. 행운을 믿어보세요! 🍀',
    'https://example.com/8',   17000,17000, 120,   8,112, 10, FALSE, NULL,
    '2025-06-08 12:00:00','테스트 장소','2025-06-12 12:00:00',0,0,0,'OPEN', NULL,
    1,'2025-03-02 00:00:00','2025-05-29 09:00:00'),
  ( 9, '🍓 달콤 간식 공구 #9', '더미 상품 #9',
    '❤️ 달콤한 간식 모임! 친구들과 함께 나누면 더욱 맛있어요. 지금 참여하세요! 🍬',
    'https://example.com/9',   18000,18000, 130,   9,121, 10, FALSE, NULL,
    '2025-06-09 12:00:00','테스트 장소','2025-06-13 12:00:00',0,0,0,'OPEN', NULL,
    1,'2025-04-01 00:00:00','2025-05-28 09:00:00'),
  (10, '🥂 기념일 공구 #10', '더미 상품 #10',
    '🎉 특별한 날을 함께 축하해요! 공동구매로 더욱 큰 기쁨을 만끽하세요. 🥳',
    'https://example.com/10',  19000,19000, 140,  10,130, 10, FALSE, NULL,
    '2025-06-10 12:00:00','테스트 장소','2025-06-14 12:00:00',0,0,0,'OPEN', NULL,
    1,'2025-04-22 00:00:00','2025-05-27 09:00:00'),
  (11, '🎈 파티 공구 #11',  '더미 상품 #11',
    '🥳 파티 준비는 여기서! 공동구매로 풍성하게 즐겨보세요. 🎉',
    'https://example.com/11', 20000,20000, 150,  11,139, 10, FALSE, NULL,
    '2025-06-11 12:00:00','테스트 장소','2025-06-15 12:00:00',0,0,0,'OPEN', NULL,
    1,'2025-04-30 00:00:00','2025-05-26 09:00:00'),
  (12, '🚀 한정판 공구 #12','더미 상품 #12',
    '🌟 소장 가치 100%! 친구들과 함께 득템하세요. 🚀',
    'https://example.com/12', 21000,21000, 160,  12,148, 10, FALSE, NULL,
    '2025-06-12 12:00:00','테스트 장소','2025-06-16 12:00:00',0,0,0,'OPEN', NULL,
    1,'2025-04-10 00:00:00','2025-05-25 09:00:00'),
  (13, '🎁 선물 추천 공구 #13','더미 상품 #13',
    '🎀 특별한 선물을 공동구매로 더 저렴하게! 마음을 전해보세요. 🎁',
    'https://example.com/13', 22000,22000, 170,  13,157, 10, FALSE, NULL,
    '2025-06-13 12:00:00','테스트 장소','2025-06-17 12:00:00',0,0,0,'OPEN', NULL,
    1,'2025-04-04 00:00:00','2025-05-24 09:00:00'),
  (14, '🌸 봄맞이 공구 #14', '더미 상품 #14',
    '🌼 봄맞이 한정! 함께 모여 아이템으로 봄을 즐기세요. 🌸',
    'https://example.com/14', 23000,23000, 180,  14,166, 10, FALSE, NULL,
    '2025-06-14 12:00:00','테스트 장소','2025-06-18 12:00:00',0,0,0,'OPEN', NULL,
    1,'2025-05-04 00:00:00','2025-05-23 09:00:00'),
  (15, '🎒 여행 공구 #15',  '더미 상품 #15',
    '✈️ 여행 필수 아이템, 공동구매로 가볍게 챙기세요! 🎒',
    'https://example.com/15', 24000,24000, 190,  15,175, 10, FALSE, NULL,
    '2025-06-15 12:00:00','테스트 장소','2025-06-19 12:00:00',0,0,0,'OPEN', NULL,
    1,'2025-03-28 00:00:00','2025-05-22 09:00:00'),
  (16, '🍽️ 홈쿡 공구 #16',  '더미 상품 #16',
    '👩‍🍳 셰프 추천 주방용품, 공동구매로 합리적인 가격에 만나보세요. 🍽️',
    'https://example.com/16', 25000,25000, 200,  16,184, 10, FALSE, NULL,
    '2025-06-16 12:00:00','테스트 장소','2025-06-20 12:00:00',0,0,0,'OPEN', NULL,
    1,'2025-03-01 00:00:00','2025-05-21 09:00:00'),
  (17, '🥤 음료 공구 #17',  '더미 상품 #17',
    '🍹 시원한 음료 모음전! 친구들과 함께 즐겨요. 🥤',
    'https://example.com/17', 26000,26000, 210,  17,193, 10, FALSE, NULL,
    '2025-06-17 12:00:00','테스트 장소','2025-06-21 12:00:00',0,0,0,'OPEN', NULL,
    1,'2025-04-08 00:00:00','2025-05-20 09:00:00'),
  (18, '📚 책 공구 #18',    '더미 상품 #18',
    '📖 인기 책 모음! 지식을 나누고 함께 읽어요. 📚',
    'https://example.com/18', 27000,27000, 220,  18,202, 10, FALSE, NULL,
    '2025-06-18 12:00:00','테스트 장소','2025-06-22 12:00:00',0,0,0,'OPEN', NULL,
    1,'2025-05-02 00:00:00','2025-05-19 09:00:00'),
  (19, '🎧 음향 공구 #19',  '더미 상품 #19',
    '🔊 고퀄 음향기기, 공동구매로 더 풍성한 사운드를 경험하세요. 🎧',
    'https://example.com/19', 28000,28000, 230,  19,211, 10, FALSE, NULL,
    '2025-06-19 12:00:00','테스트 장소','2025-06-23 12:00:00',0,0,0,'OPEN', NULL,
    1,'2025-03-15 00:00:00','2025-05-18 09:00:00'),
  (20, '⌚ 시계 공구 #20',  '더미 상품 #20',
    '⏱️ 트렌디 손목시계, 공동구매로 스타일과 가성비를 동시에! ⌚',
    'https://example.com/20', 29000,29000, 240,  20,220, 10, FALSE, NULL,
    '2025-06-20 12:00:00','테스트 장소','2025-06-24 12:00:00',0,0,0,'OPEN', NULL,
    1,'2025-04-11 00:00:00','2025-05-17 09:00:00'),
  (21, '👜 가방 공구 #21',  '더미 상품 #21',
    '🛍️ 세련된 가방 컬렉션, 공동구매로 더 저렴하게 갖춰보세요. 👜',
    'https://example.com/21', 30000,30000, 250,  21,229, 10, FALSE, NULL,
    '2025-06-21 12:00:00','테스트 장소','2025-06-25 12:00:00',0,0,0,'OPEN', NULL,
    1,'2025-03-20 00:00:00','2025-05-16 09:00:00'),
  (22, '👟 신발 공구 #22',  '더미 상품 #22',
    '🏃‍♀️ 편안한 러닝화, 공동구매로 합리적인 가격에 만나보세요. 👟',
    'https://example.com/22', 31000,31000, 260,  22,238, 10, FALSE, NULL,
    '2025-06-22 12:00:00','테스트 장소','2025-06-26 12:00:00',0,0,0,'OPEN', NULL,
    1,'2025-03-14 00:00:00','2025-05-15 09:00:00'),
  (23, '🧴 뷰티 공구 #23',  '더미 상품 #23',
    '💄 인기 뷰티템을 모아 공동구매로 더 예뻐지세요. 🧴',
    'https://example.com/23', 32000,32000, 270,  23,247, 10, FALSE, NULL,
    '2025-06-23 12:00:00','테스트 장소','2025-06-27 12:00:00',0,0,0,'OPEN', NULL,
    1,'2025-03-17 00:00:00','2025-05-14 09:00:00'),
  (24, '🥇 스포츠 공구 #24','더미 상품 #24',
    '⚽ 인기 스포츠 용품, 공동구매로 더 큰 즐거움을! 🥇',
    'https://example.com/24', 33000,33000, 280,  24,256, 10, FALSE, NULL,
    '2025-06-24 12:00:00','테스트 장소','2025-06-28 12:00:00',0,0,0,'OPEN', NULL,
    1,'2025-04-07 00:00:00','2025-05-13 09:00:00'),
  (25, '🎮 게임 공구 #25',  '더미 상품 #25',
    '🕹️ 인기 게임 타이틀, 공동구매로 더 저렴하게 즐기세요. 🎮',
    'https://example.com/25', 34000,34000, 290,  25,265, 10, FALSE, NULL,
    '2025-06-25 12:00:00','테스트 장소','2025-06-29 12:00:00',0,0,0,'OPEN', NULL,
    1,'2025-04-28 00:00:00','2025-05-12 09:00:00'),
  (26, '📱 전자기기 공구 #26','더미 상품 #26',
    '🔋 최신 전자기기 모음! 공동구매로 더 큰 할인을 누리세요. 📱',
    'https://example.com/26', 35000,35000, 300,  26,274, 10, FALSE, NULL,
    '2025-06-26 12:00:00','테스트 장소','2025-06-30 12:00:00',0,0,0,'OPEN', NULL,
    1,'2025-04-23 00:00:00','2025-05-11 09:00:00'),
  (27, '🍽️ 홈데코 공구 #27','더미 상품 #27',
    '🏠 집안을 더욱 아늑하게! 인기 홈데코 아이템 공동구매. 🍽️',
    'https://example.com/27', 36000,36000, 310,  27,283, 10, FALSE, NULL,
    '2025-06-27 12:00:00','테스트 장소','2025-07-01 12:00:00',0,0,0,'OPEN', NULL,
    1,'2025-04-24 00:00:00','2025-05-10 09:00:00'),
  (28, '🌈 컬러 공구 #28',  '더미 상품 #28',
    '🎨 컬러풀 아이템으로 일상을 환하게! 공동구매로 가성비 UP. 🌈',
    'https://example.com/28', 37000,37000, 320,  28,292, 10, FALSE, NULL,
    '2025-06-28 12:00:00','테스트 장소','2025-07-02 12:00:00',0,0,0,'OPEN', NULL,
    1,'2025-03-06 00:00:00','2025-05-09 09:00:00'),
  (29, '🍂 가을 공구 #29',  '더미 상품 #29',
    '🍁 가을 감성 아이템, 공동구매로 분위기를 바꿔보세요. 🍂',
    'https://example.com/29', 38000,38000, 330,  301,29, 10, FALSE, NULL,
    '2025-06-29 12:00:00','테스트 장소','2025-07-03 12:00:00',0,0,0,'OPEN', NULL,
    1,'2025-03-23 00:00:00','2025-05-08 09:00:00'),
  (30, '❄️ 겨울 공구 #30',  '더미 상품 #30',
    '⛄ 겨울 필수 아이템! 공동구매로 따뜻하게 보내세요. ❄️',
    'https://example.com/30', 39000,39000, 340,  310,30, 10, FALSE, NULL,
    '2025-06-30 12:00:00','테스트 장소','2025-07-04 12:00:00',0,0,0,'OPEN', NULL,
    1,'2025-03-04 00:00:00','2025-05-07 09:00:00'),
  (31, '🌞 여름 공구 #31',  '더미 상품 #31',
    '🏖️ 시원한 여름용품, 공동구매로 더 큰 쾌적함을! 🌞',
    'https://example.com/31', 40000,40000, 350,  319,31, 10, FALSE, NULL,
    '2025-07-01 12:00:00','테스트 장소','2025-07-05 12:00:00',0,0,0,'OPEN', NULL,
    1,'2025-05-05 00:00:00','2025-05-06 09:00:00'),
  (32, '🌺 꽃 공구 #32',    '더미 상품 #32',
    '🌼 화사한 꽃 아이템, 공동구매로 공간을 아름답게 꾸며보세요. 🌺',
    'https://example.com/32', 41000,41000, 360,  328,32, 10, FALSE, NULL,
    '2025-07-02 12:00:00','테스트 장소','2025-07-06 12:00:00',0,0,0,'OPEN', NULL,
    1,'2025-03-22 00:00:00','2025-05-05 09:00:00'),
  (33, '🚴‍♂️ 레저 공구 #33','더미 상품 #33',
    '🏕️ 야외 활동용품, 공동구매로 준비 끝! 이번 주말 떠나볼까요? 🚴‍♂️',
    'https://example.com/33', 42000,42000, 370,  33,337, 10, FALSE, NULL,
    '2025-07-03 12:00:00','테스트 장소','2025-07-07 12:00:00',0,0,0,'OPEN', NULL,
    1,'2025-03-11 00:00:00','2025-05-04 09:00:00'),
  (34, '🎨 취미 공구 #34',  '더미 상품 #34',
    '🖌️ 다양한 취미용품, 함께 모여 즐거움을 나눠보세요. 🎨',
    'https://example.com/34', 43000,43000, 380,  34,346, 10, FALSE, NULL,
    '2025-07-04 12:00:00','테스트 장소','2025-07-08 12:00:00',0,0,0,'OPEN', NULL,
    1,'2025-03-10 00:00:00','2025-05-03 09:00:00'),
  (35, '🖥️ IT 공구 #35',    '더미 상품 #35',
    '💻 최신 IT 기기 모음! 공동구매로 스마트하게 업그레이드하세요. 🖥️',
    'https://example.com/35', 44000,44000, 390,  35,355, 10, FALSE, NULL,
    '2025-07-05 12:00:00','테스트 장소','2025-07-09 12:00:00',0,0,0,'OPEN', NULL,
    1,'2025-03-19 00:00:00','2025-05-02 10:00:00'),
  (36, '🧸 키즈 공구 #36',  '더미 상품 #36',
    '👶 사랑스러운 키즈템, 공동구매로 가족 모두 행복하게! 🧸',
    'https://example.com/36', 45000,45000, 400,  36,364, 10, FALSE, NULL,
    '2025-07-06 12:00:00','테스트 장소','2025-07-10 12:00:00',0,0,0,'OPEN', NULL,
    1,'2025-04-27 00:00:00','2025-05-02 09:00:00'),
  (37, '🎬 영화 공구 #37',  '더미 상품 #37',
    '🍿 홈시네마 영화 관람용품, 공동구매로 꿀잼을 즐기세요. 🎬',
    'https://example.com/37', 46000,46000, 410,  37,373, 10, FALSE, NULL,
    '2025-07-07 12:00:00','테스트 장소','2025-07-11 12:00:00',0,0,0,'OPEN', NULL,
    1,'2025-03-05 00:00:00','2025-05-01 16:00:00'),
  (38, '🎵 음악 공구 #38',  '더미 상품 #38',
    '🎼 음원·뮤직 기어 모음, 공동구매로 풍성한 사운드를! 🎵',
    'https://example.com/38', 47000,47000, 420,  38,382, 10, FALSE, NULL,
    '2025-07-08 12:00:00','테스트 장소','2025-07-12 12:00:00',0,0,0,'OPEN', NULL,
    1,'2025-04-06 00:00:00','2025-05-01 14:00:00'),
  (39, '📷 사진 공구 #39',  '더미 상품 #39',
    '📸 감성 카메라·액세서리, 공동구매로 기록을 남겨보세요. 📷',
    'https://example.com/39', 48000,48000, 430,  39,391, 10, FALSE, NULL,
    '2025-07-09 12:00:00','테스트 장소','2025-07-13 12:00:00',0,0,0,'OPEN', NULL,
    1,'2025-04-17 00:00:00','2025-05-01 13:00:00'),
  (40, '🏁 종료 임박 공구 #40','더미 상품 #40',
    '⏳ 마감 임박! 마지막 찬스입니다. 얼른 참여하세요! 🏁',
    'https://example.com/40', 49000,49000, 440,  40,400, 10, FALSE, NULL,
    '2025-05-03 12:00:00','테스트 장소','2025-05-03 12:00:00',0,0,0,'CLOSED', NULL,
    2,'2025-04-25 00:00:00','2025-05-01 09:00:00'),
  (41, '🧼 생활용품 공구 #41', '더미 상품 #41',
   '🧽 꼭 필요한 생활용품을 공동구매로 알뜰하게 준비하세요!',
   'https://example.com/41', 50000, 50000, 450, 41, 409, 10, TRUE, NULL,
   '2025-07-10 12:00:00', '테스트 장소', '2025-07-14 12:00:00', 0, 0, 0, 'OPEN', NULL,
   1, '2025-04-15 00:00:00', '2025-05-01 08:00:00'),
  (42, '📦 정리용품 공구 #42', '더미 상품 #42',
   '📚 공간을 효율적으로! 정리용품을 지금 바로 공동구매하세요.',
   'https://example.com/42', 51000, 51000, 460, 42, 418, 10, TRUE, NULL,
   '2025-07-11 12:00:00', '테스트 장소', '2025-07-15 12:00:00', 0, 0, 0, 'OPEN', NULL,
   1, '2025-04-09 00:00:00', '2025-05-01 07:00:00'),
  (43, '🍳 주방용품 공구 #43', '더미 상품 #43',
   '🍲 요리의 즐거움을 더해줄 주방 아이템들을 공구로 만나보세요!',
   'https://example.com/43', 52000, 52000, 470, 43, 427, 10, TRUE, NULL,
   '2025-07-12 12:00:00', '테스트 장소', '2025-07-16 12:00:00', 0, 0, 0, 'OPEN', NULL,
   1, '2025-04-12 00:00:00', '2025-05-01 06:00:00');


-- 4) image (대표 썸네일만 1~40)
INSERT INTO image (
    id, image_url, image_url_resized, image_seq_no, thumbnail, group_buy_id
) VALUES
  ( 1, '/uploads/4748bfa5-4fe7-462b-a4e0-0380efd6713a.png', NULL, 0, TRUE,  1),
  ( 2, '/uploads/4748bfa5-4fe7-462b-a4e0-0380efd6713a.png', NULL, 0, TRUE,  2),
  ( 3, '/uploads/4748bfa5-4fe7-462b-a4e0-0380efd6713a.png', NULL, 0, TRUE,  3),
  ( 4, '/uploads/4748bfa5-4fe7-462b-a4e0-0380efd6713a.png', NULL, 0, TRUE,  4),
  ( 5, '/uploads/4748bfa5-4fe7-462b-a4e0-0380efd6713a.png', NULL, 0, TRUE,  5),
  ( 6, '/uploads/4748bfa5-4fe7-462b-a4e0-0380efd6713a.png', NULL, 0, TRUE,  6),
  ( 7, '/uploads/4748bfa5-4fe7-462b-a4e0-0380efd6713a.png', NULL, 0, TRUE,  7),
  ( 8, '/uploads/4748bfa5-4fe7-462b-a4e0-0380efd6713a.png', NULL, 0, TRUE,  8),
  ( 9, '/uploads/4748bfa5-4fe7-462b-a4e0-0380efd6713a.png', NULL, 0, TRUE,  9),
  (10, '/uploads/4748bfa5-4fe7-462b-a4e0-0380efd6713a.png', NULL, 0, TRUE, 10),
  (11, '/uploads/4748bfa5-4fe7-462b-a4e0-0380efd6713a.png', NULL, 0, TRUE, 11),
  (12, '/uploads/4748bfa5-4fe7-462b-a4e0-0380efd6713a.png', NULL, 0, TRUE, 12),
  (13, '/uploads/4748bfa5-4fe7-462b-a4e0-0380efd6713a.png', NULL, 0, TRUE, 13),
  (14, '/uploads/4748bfa5-4fe7-462b-a4e0-0380efd6713a.png', NULL, 0, TRUE, 14),
  (15, '/uploads/4748bfa5-4fe7-462b-a4e0-0380efd6713a.png', NULL, 0, TRUE, 15),
  (16, '/uploads/4748bfa5-4fe7-462b-a4e0-0380efd6713a.png', NULL, 0, TRUE, 16),
  (17, '/uploads/4748bfa5-4fe7-462b-a4e0-0380efd6713a.png', NULL, 0, TRUE, 17),
  (18, '/uploads/4748bfa5-4fe7-462b-a4e0-0380efd6713a.png', NULL, 0, TRUE, 18),
  (19, '/uploads/4748bfa5-4fe7-462b-a4e0-0380efd6713a.png', NULL, 0, TRUE, 19),
  (20, '/uploads/4748bfa5-4fe7-462b-a4e0-0380efd6713a.png', NULL, 0, TRUE, 20),
  (21, '/uploads/4748bfa5-4fe7-462b-a4e0-0380efd6713a.png', NULL, 0, TRUE, 21),
  (22, '/uploads/4748bfa5-4fe7-462b-a4e0-0380efd6713a.png', NULL, 0, TRUE, 22),
  (23, '/uploads/4748bfa5-4fe7-462b-a4e0-0380efd6713a.png', NULL, 0, TRUE, 23),
  (24, '/uploads/4748bfa5-4fe7-462b-a4e0-0380efd6713a.png', NULL, 0, TRUE, 24),
  (25, '/uploads/4748bfa5-4fe7-462b-a4e0-0380efd6713a.png', NULL, 0, TRUE, 25),
  (26, '/uploads/4748bfa5-4fe7-462b-a4e0-0380efd6713a.png', NULL, 0, TRUE, 26),
  (27, '/uploads/4748bfa5-4fe7-462b-a4e0-0380efd6713a.png', NULL, 0, TRUE, 27),
  (28, '/uploads/4748bfa5-4fe7-462b-a4e0-0380efd6713a.png', NULL, 0, TRUE, 28),
  (29, '/uploads/4748bfa5-4fe7-462b-a4e0-0380efd6713a.png', NULL, 0, TRUE, 29),
  (30, '/uploads/4748bfa5-4fe7-462b-a4e0-0380efd6713a.png', NULL, 0, TRUE, 30),
  (31, '/uploads/4748bfa5-4fe7-462b-a4e0-0380efd6713a.png', NULL, 0, TRUE, 31),
  (32, '/uploads/4748bfa5-4fe7-462b-a4e0-0380efd6713a.png', NULL, 0, TRUE, 32),
  (33, '/uploads/4748bfa5-4fe7-462b-a4e0-0380efd6713a.png', NULL, 0, TRUE, 33),
  (34, '/uploads/4748bfa5-4fe7-462b-a4e0-0380efd6713a.png', NULL, 0, TRUE, 34),
  (35, '/uploads/4748bfa5-4fe7-462b-a4e0-0380efd6713a.png', NULL, 0, TRUE, 35),
  (36, '/uploads/4748bfa5-4fe7-462b-a4e0-0380efd6713a.png', NULL, 0, TRUE, 36),
  (37, '/uploads/4748bfa5-4fe7-462b-a4e0-0380efd6713a.png', NULL, 0, TRUE, 37),
  (38, '/uploads/4748bfa5-4fe7-462b-a4e0-0380efd6713a.png', NULL, 0, TRUE, 38),
  (39, '/uploads/4748bfa5-4fe7-462b-a4e0-0380efd6713a.png', NULL, 0, TRUE, 39),
  (40, '/uploads/4748bfa5-4fe7-462b-a4e0-0380efd6713a.png', NULL, 0, TRUE, 40),
  (41, '/uploads/4748bfa5-4fe7-462b-a4e0-0380efd6713a.png', NULL, 0, TRUE, 41),
  (42, '/uploads/4748bfa5-4fe7-462b-a4e0-0380efd6713a.png', NULL, 0, TRUE, 42),
  (43, '/uploads/4748bfa5-4fe7-462b-a4e0-0380efd6713a.png', NULL, 0, TRUE, 43);

-- 5) group_buy_category (1~14만 moongsanPick)
INSERT INTO group_buy_category (
    id, group_buy_id, category_id
) VALUES
  ( 1,  1, 1),( 2,  2, 1),( 3,  3, 1),( 4,  4, 1),
  ( 5,  5, 1),( 6,  6, 1),( 7,  7, 1),( 8, 17, 1),
  ( 9, 18, 1),(10, 19, 1),(11, 20, 1),(12, 21, 1),
  (13, 22, 1),(14, 23, 1);

-- 6) orders
INSERT INTO orders (
    id, user_id, post_id, status, price, quantity, name, deleted_count, created_at, deleted_at
) VALUES (
    1, 1, 40, 'PAID', 2000, 8, '박지은', 0, '2025-05-04 13:00:00', NULL
);

-- 7) 외래키 제약 ON
SET FOREIGN_KEY_CHECKS = 1;
